OrderID,ProductID,CustomerID,OrderDate,Region,SalesAmount,Quantity
O10000,P1017,C1024,2023-05-17,East,1202.38,6
O10001,P1013,C1005,2023-08-21,South,958.43,1
O10002,P1008,C1016,2023-04-02,South,8292.29,9
O10003,P1009,C1026,2023-11-24,East,5832.66,9
O10004,P1004,C1011,2023-03-24,North,8623.35,9
O10005,P1016,C1029,2023-01-01,East,3917.4,10
O10006,P1000,C1003,2023-07-05,East,1577.54,5
O10007,P1007,C1028,2023-10-18,East,354.18,2
O10008,P1015,C1026,2023-02-05,East,7103.26,9
O10009,P1004,C1021,2023-09-01,North,2237.53,9
O10010,P1016,C1027,2023-11-07,North,6775.49,7
O10011,P1017,C1024,2023-12-20,East,2966.62,4
O10012,P1012,C1021,2023-11-29,North,2965.74,6
O10013,P1016,C1014,2023-03-03,South,1208.91,4
O10014,P1010,C1000,2023-10-29,South,2763.93,9
O10015,P1007,C1000,2023-02-06,South,306.05,1
O10016,P1001,C1027,2023-06-19,North,1125.48,2
O10017,P1008,C1021,2023-09-06,North,2341.24,4
O10018,P1018,C1018,2023-08-31,North,3224.63,4
O10019,P1013,C1006,2023-02-18,South,1386.17,2
O10020,P1011,C1013,2023-07-30,East,7019.62,8
O10021,P1001,C1021,2023-12-01,North,309.1,2
O10022,P1010,C1025,2023-02-25,West,1089.72,4
O10023,P1017,C1014,2023-03-13,South,1855.97,7
O10024,P1014,C1007,2023-02-08,South,6617.76,8
O10025,P1017,C1003,2023-01-26,East,7671.82,9
O10026,P1002,C1029,2023-05-02,East,1397.32,3
O10027,P1015,C1006,2023-07-25,South,248.17,1
O10028,P1000,C1012,2023-05-16,West,2853.79,8
O10029,P1017,C1021,2023-09-07,North,812.72,3
O10030,P1006,C1001,2023-10-24,East,1393.76,9
O10031,P1010,C1001,2023-01-26,East,5291.1,10
O10032,P1016,C1005,2023-01-30,South,1548.9,9
O10033,P1005,C1002,2023-11-01,West,1415.38,2
O10034,P1007,C1012,2023-03-03,West,3215.94,10
O10035,P1019,C1001,2023-11-14,East,954.6,2
O10036,P1018,C1018,2023-09-25,North,5647.41,6
O10037,P1006,C1021,2023-06-10,North,1356.21,4
O10038,P1004,C1021,2023-11-27,North,2557.51,5
O10039,P1002,C1000,2023-08-23,South,9986.09,10
O10040,P1003,C1002,2023-10-03,West,2221.18,4
O10041,P1004,C1029,2023-06-28,East,1782.69,2
O10042,P1011,C1009,2023-03-22,West,6802.96,8
O10043,P1009,C1019,2023-12-01,West,963.37,9
O10044,P1017,C1009,2023-12-06,West,1890.07,2
O10045,P1004,C1008,2023-03-01,East,1536.35,2
O10046,P1004,C1008,2023-05-25,East,2895.67,10
O10047,P1010,C1006,2023-12-18,South,2774.34,5
O10048,P1008,C1028,2023-01-27,East,1341.71,2
O10049,P1008,C1001,2023-01-02,East,4764.04,6
O10050,P1008,C1005,2023-08-15,South,6615.91,9
O10051,P1017,C1000,2023-02-27,South,1901.09,2
O10052,P1004,C1017,2023-01-19,North,3745.55,6
O10053,P1004,C1013,2023-03-07,East,377.43,1
O10054,P1001,C1028,2023-07-03,East,2855.44,4
O10055,P1003,C1011,2023-10-14,North,6835.17,7
O10056,P1004,C1029,2023-05-02,East,2935.76,3
O10057,P1005,C1028,2023-07-31,East,261.42,1
O10058,P1010,C1025,2023-07-30,West,1360.5,4
O10059,P1003,C1012,2023-01-20,West,2401.52,8
O10060,P1014,C1011,2023-06-06,North,1202.52,4
O10061,P1006,C1012,2023-06-18,West,4389.59,5
O10062,P1008,C1011,2023-11-25,North,4137.39,9
O10063,P1017,C1010,2023-01-15,West,1778.67,2
O10064,P1008,C1005,2023-10-25,South,672.16,5
O10065,P1019,C1013,2023-06-26,East,2956.53,6
O10066,P1016,C1003,2023-07-17,East,2710.71,10
O10067,P1001,C1022,2023-08-12,South,567.93,1
O10068,P1017,C1021,2023-12-10,North,1711.2,4
O10069,P1002,C1021,2023-06-19,North,3825.24,10
O10070,P1003,C1023,2023-06-03,North,3405.21,9
O10071,P1013,C1010,2023-07-26,West,2994.86,5
O10072,P1006,C1013,2023-12-07,East,4967.1,7
O10073,P1005,C1019,2023-10-19,West,2327.34,5
O10074,P1000,C1009,2023-05-27,West,1947.6,4
O10075,P1018,C1019,2023-12-02,West,3110.94,6
O10076,P1014,C1021,2023-04-20,North,4732.81,9
O10077,P1005,C1021,2023-02-13,North,2819.53,5
O10078,P1019,C1010,2023-02-17,West,2822.06,4
O10079,P1007,C1025,2023-04-12,West,365.95,3
O10080,P1007,C1015,2023-11-09,East,1019.75,2
O10081,P1018,C1006,2023-12-23,South,3814.58,7
O10082,P1007,C1004,2023-12-02,North,903.39,1
O10083,P1003,C1024,2023-08-06,East,1033.19,4
O10084,P1016,C1014,2023-01-26,South,2918.51,9
O10085,P1003,C1014,2023-03-10,South,5606.56,8
O10086,P1017,C1019,2023-06-12,West,5211.1,8
O10087,P1016,C1013,2023-10-08,East,7259.9,8
O10088,P1015,C1014,2023-05-13,South,3423.51,4
O10089,P1008,C1024,2023-09-24,East,5312.59,8
O10090,P1008,C1014,2023-02-09,South,1555.22,5
O10091,P1010,C1010,2023-10-04,West,449.07,2
O10092,P1007,C1012,2023-12-22,West,2207.33,3
O10093,P1002,C1013,2023-07-28,East,3530.1,6
O10094,P1013,C1001,2023-04-16,East,3153.7,7
O10095,P1018,C1022,2023-01-11,South,4423.43,10
O10096,P1000,C1011,2023-06-02,North,6076.72,7
O10097,P1013,C1017,2023-10-07,North,9080.3,10
O10098,P1015,C1007,2023-05-20,South,3759.54,7
O10099,P1012,C1010,2023-12-09,West,5262.34,7
O10100,P1014,C1029,2023-03-07,East,5807.11,10
O10101,P1012,C1018,2023-10-16,North,175.55,1
O10102,P1013,C1004,2023-08-25,North,435.77,3
O10103,P1012,C1010,2023-04-19,West,3153.29,8
O10104,P1012,C1008,2023-08-04,East,4257.1,5
O10105,P1015,C1000,2023-10-04,South,999.92,1
O10106,P1011,C1007,2023-11-29,South,1606.22,2
O10107,P1001,C1024,2023-01-16,East,1117.7,4
O10108,P1000,C1019,2023-03-20,West,854.4,4
O10109,P1003,C1018,2023-04-22,North,5836.15,8
O10110,P1011,C1005,2023-11-07,South,9673.61,10
O10111,P1003,C1024,2023-03-25,East,986.44,5
O10112,P1000,C1029,2023-06-09,East,7096.13,10
O10113,P1012,C1012,2023-04-12,West,1265.78,2
O10114,P1007,C1003,2023-12-23,East,4326.32,5
O10115,P1019,C1025,2023-03-03,West,8043.72,10
O10116,P1011,C1017,2023-08-08,North,972.37,6
O10117,P1010,C1000,2023-08-04,South,1559.88,8
O10118,P1011,C1020,2023-08-24,South,1475.82,3
O10119,P1016,C1020,2023-05-19,South,8273.79,10
O10120,P1017,C1024,2023-09-05,East,3936.14,8
O10121,P1018,C1008,2023-06-15,East,3390.63,4
O10122,P1002,C1008,2023-08-19,East,3101.71,4
O10123,P1018,C1019,2023-12-09,West,2819.3,7
O10124,P1015,C1027,2023-06-16,North,1616.38,3
O10125,P1011,C1025,2023-05-13,West,2110.16,6
O10126,P1019,C1022,2023-05-22,South,982.22,9
O10127,P1006,C1002,2023-05-04,West,3778.04,7
O10128,P1007,C1022,2023-09-01,South,4026.86,8
O10129,P1000,C1002,2023-05-31,West,1855.84,4
O10130,P1007,C1009,2023-12-06,West,4321.18,10
O10131,P1017,C1016,2023-06-26,South,6978.78,7
O10132,P1017,C1010,2023-06-30,West,2750.6,8
O10133,P1008,C1007,2023-03-03,South,1535.97,4
O10134,P1017,C1024,2023-12-20,East,817.16,3
O10135,P1015,C1008,2023-10-29,East,5734.0,9
O10136,P1003,C1026,2023-04-10,East,1523.67,5
O10137,P1005,C1009,2023-01-08,West,1925.32,9
O10138,P1001,C1001,2023-10-11,East,3638.38,5
O10139,P1004,C1020,2023-09-09,South,1770.9,2
O10140,P1018,C1009,2023-08-29,West,3971.38,8
O10141,P1005,C1001,2023-05-10,East,1621.43,8
O10142,P1002,C1012,2023-09-09,West,1238.64,2
O10143,P1001,C1004,2023-03-18,North,9542.13,10
O10144,P1002,C1007,2023-03-02,South,7091.99,9
O10145,P1019,C1019,2023-11-13,West,3192.5,4
O10146,P1012,C1014,2023-08-15,South,4370.75,5
O10147,P1013,C1009,2023-10-19,West,1542.07,10
O10148,P1003,C1024,2023-04-17,East,1352.73,4
O10149,P1002,C1005,2023-05-03,South,1790.38,3
O10150,P1005,C1000,2023-07-29,South,5763.47,8
O10151,P1015,C1009,2023-01-17,West,1437.18,4
O10152,P1009,C1022,2023-08-21,South,1437.29,2
O10153,P1008,C1025,2023-11-17,West,6950.65,10
O10154,P1006,C1013,2023-02-28,East,2720.96,9
O10155,P1004,C1029,2023-05-17,East,492.81,3
O10156,P1005,C1025,2023-06-07,West,7740.62,10
O10157,P1018,C1029,2023-05-28,East,1695.35,8
O10158,P1009,C1022,2023-07-26,South,2752.12,5
O10159,P1015,C1014,2023-02-11,South,1358.75,10
O10160,P1013,C1023,2023-06-15,North,3253.31,10
O10161,P1002,C1007,2023-12-12,South,6284.11,10
O10162,P1000,C1024,2023-12-11,East,3093.11,5
O10163,P1005,C1015,2023-09-23,East,7395.72,8
O10164,P1005,C1018,2023-08-12,North,7777.2,8
O10165,P1015,C1011,2023-07-29,North,2333.71,6
O10166,P1003,C1027,2023-03-24,North,2822.88,6
O10167,P1015,C1009,2023-12-06,West,5825.47,7
O10168,P1017,C1001,2023-08-21,East,766.13,2
O10169,P1010,C1003,2023-07-26,East,7581.91,9
O10170,P1000,C1021,2023-10-05,North,3775.38,8
O10171,P1006,C1016,2023-07-05,South,7807.99,10
O10172,P1014,C1024,2023-01-27,East,1361.4,4
O10173,P1004,C1029,2023-05-28,East,7142.1,8
O10174,P1015,C1003,2023-01-15,East,8193.82,10
O10175,P1005,C1009,2023-10-10,West,597.03,1
O10176,P1002,C1007,2023-02-28,South,7618.84,8
O10177,P1004,C1015,2023-05-30,East,6613.83,9
O10178,P1013,C1026,2023-09-05,East,2554.86,8
O10179,P1017,C1004,2023-07-16,North,3718.73,4
O10180,P1016,C1023,2023-03-11,North,697.25,2
O10181,P1013,C1010,2023-09-17,West,4192.47,5
O10182,P1009,C1023,2023-06-02,North,6219.31,10
O10183,P1015,C1027,2023-03-18,North,4677.78,8
O10184,P1011,C1010,2023-10-10,West,3955.4,9
O10185,P1010,C1027,2023-04-07,North,2458.47,4
O10186,P1007,C1027,2023-07-30,North,386.36,1
O10187,P1015,C1022,2023-07-15,South,6927.01,7
O10188,P1004,C1015,2023-01-19,East,1656.19,3
O10189,P1018,C1010,2023-02-21,West,1517.92,8
O10190,P1014,C1000,2023-03-15,South,6186.88,7
O10191,P1004,C1002,2023-08-29,West,2023.53,5
O10192,P1012,C1020,2023-02-11,South,5202.64,6
O10193,P1017,C1012,2023-06-12,West,7081.16,8
O10194,P1001,C1019,2023-02-05,West,2672.18,4
O10195,P1009,C1007,2023-02-16,South,6863.53,7
O10196,P1003,C1014,2023-03-27,South,4565.41,5
O10197,P1001,C1010,2023-01-29,West,2113.09,5
O10198,P1013,C1004,2023-05-06,North,4237.62,9
O10199,P1005,C1005,2023-03-31,South,1297.09,2
O10200,P1012,C1019,2023-12-16,West,2191.6,4
O10201,P1018,C1004,2023-04-29,North,5392.91,8
O10202,P1014,C1008,2023-12-08,East,909.02,1
O10203,P1014,C1028,2023-05-28,East,2179.6,9
O10204,P1014,C1011,2023-10-28,North,3375.22,5
O10205,P1013,C1022,2023-05-09,South,6886.19,8
O10206,P1006,C1012,2023-09-05,West,626.97,2
O10207,P1018,C1011,2023-10-22,North,4967.11,5
O10208,P1009,C1000,2023-12-04,South,2429.23,7
O10209,P1018,C1027,2023-12-18,North,919.56,1
O10210,P1015,C1026,2023-05-27,East,2585.43,4
O10211,P1011,C1007,2023-11-22,South,2635.21,4
O10212,P1004,C1020,2023-02-19,South,378.04,1
O10213,P1014,C1001,2023-10-24,East,4554.74,6
O10214,P1002,C1029,2023-06-01,East,4636.4,6
O10215,P1005,C1006,2023-03-09,South,7999.33,9
O10216,P1011,C1016,2023-09-14,South,4237.13,5
O10217,P1008,C1029,2023-09-04,East,3859.52,5
O10218,P1010,C1025,2023-02-28,West,7732.83,8
O10219,P1004,C1024,2023-04-26,East,6793.8,7
O10220,P1017,C1011,2023-02-16,North,787.69,7
O10221,P1017,C1003,2023-08-21,East,4233.27,6
O10222,P1008,C1018,2023-07-15,North,1185.07,6
O10223,P1007,C1015,2023-01-13,East,8958.11,10
O10224,P1017,C1010,2023-11-09,West,2731.55,4
O10225,P1014,C1029,2023-12-25,East,3421.58,5
O10226,P1003,C1004,2023-01-24,North,373.93,1
O10227,P1015,C1003,2023-02-19,East,3594.13,4
O10228,P1004,C1012,2023-08-21,West,4220.63,6
O10229,P1017,C1013,2023-10-28,East,2690.62,3
O10230,P1003,C1026,2023-09-08,East,4673.04,10
O10231,P1008,C1001,2023-12-20,East,1773.26,6
O10232,P1014,C1007,2023-07-05,South,1965.67,2
O10233,P1011,C1017,2023-11-27,North,926.97,6
O10234,P1008,C1006,2023-03-04,South,1460.05,8
O10235,P1006,C1020,2023-11-24,South,9739.84,10
O10236,P1001,C1025,2023-06-20,West,3959.76,4
O10237,P1018,C1006,2023-02-05,South,2577.97,9
O10238,P1006,C1026,2023-04-30,East,4781.59,6
O10239,P1019,C1000,2023-05-22,South,2966.32,3
O10240,P1017,C1008,2023-03-31,East,1389.9,2
O10241,P1000,C1004,2023-01-08,North,4865.92,6
O10242,P1007,C1018,2023-06-15,North,256.82,1
O10243,P1001,C1004,2023-08-04,North,1820.56,9
O10244,P1002,C1015,2023-08-18,East,3371.48,6
O10245,P1003,C1014,2023-09-15,South,3803.5,4
O10246,P1001,C1023,2023-12-04,North,3343.21,9
O10247,P1000,C1001,2023-09-03,East,3385.52,7
O10248,P1003,C1015,2023-12-31,East,1329.13,8
O10249,P1002,C1010,2023-11-08,West,477.34,3
O10250,P1008,C1019,2023-11-21,West,5935.21,10
O10251,P1010,C1012,2023-11-02,West,3288.67,9
O10252,P1016,C1019,2023-08-09,West,1627.57,2
O10253,P1003,C1027,2023-12-02,North,6738.8,9
O10254,P1006,C1013,2023-08-20,East,1889.73,4
O10255,P1014,C1012,2023-08-01,West,762.59,2
O10256,P1010,C1021,2023-05-11,North,5749.4,6
O10257,P1015,C1002,2023-02-16,West,367.81,2
O10258,P1003,C1023,2023-07-10,North,1802.2,3
O10259,P1018,C1017,2023-10-15,North,4218.07,6
O10260,P1013,C1011,2023-12-07,North,6168.98,7
O10261,P1001,C1009,2023-11-04,West,2082.41,5
O10262,P1018,C1016,2023-04-19,South,2073.19,3
O10263,P1007,C1027,2023-02-25,North,5165.02,6
O10264,P1011,C1003,2023-05-23,East,3035.43,10
O10265,P1013,C1027,2023-10-15,North,6522.16,10
O10266,P1017,C1000,2023-11-08,South,630.29,5
O10267,P1008,C1022,2023-06-08,South,2495.53,6
O10268,P1005,C1027,2023-03-15,North,6916.1,10
O10269,P1002,C1004,2023-11-21,North,182.58,1
O10270,P1016,C1006,2023-07-12,South,3557.97,7
O10271,P1005,C1011,2023-06-09,North,4794.91,6
O10272,P1018,C1019,2023-02-13,West,240.02,1
O10273,P1019,C1001,2023-12-12,East,689.79,2
O10274,P1013,C1015,2023-11-07,East,3782.12,8
O10275,P1006,C1024,2023-09-20,East,821.31,2
O10276,P1003,C1009,2023-12-14,West,5379.69,10
O10277,P1009,C1001,2023-04-23,East,6902.01,7
O10278,P1001,C1000,2023-04-15,South,4753.96,5
O10279,P1004,C1024,2023-05-11,East,1976.55,5
O10280,P1000,C1015,2023-08-09,East,648.8,3
O10281,P1017,C1022,2023-04-28,South,5425.66,9
O10282,P1011,C1002,2023-07-23,West,492.6,1
O10283,P1014,C1029,2023-02-09,East,3709.1,6
O10284,P1018,C1012,2023-12-30,West,2523.95,7
O10285,P1012,C1000,2023-06-16,South,2463.57,3
O10286,P1019,C1014,2023-12-20,South,1075.9,6
O10287,P1003,C1007,2023-08-12,South,4604.05,10
O10288,P1002,C1012,2023-06-08,West,1796.49,6
O10289,P1005,C1002,2023-09-19,West,1155.09,2
O10290,P1006,C1028,2023-06-28,East,4527.85,6
O10291,P1004,C1007,2023-02-22,South,991.11,3
O10292,P1005,C1019,2023-03-20,West,518.86,2
O10293,P1015,C1014,2023-10-16,South,5040.15,10
O10294,P1018,C1020,2023-11-22,South,3908.87,10
O10295,P1010,C1004,2023-08-14,North,1044.06,2
O10296,P1009,C1025,2023-05-21,West,1505.55,10
O10297,P1016,C1002,2023-06-08,West,4053.78,8
O10298,P1001,C1011,2023-05-27,North,1360.4,2
O10299,P1002,C1019,2023-11-01,West,4014.31,9
O10300,P1018,C1017,2023-01-22,North,7345.16,8
O10301,P1018,C1020,2023-04-07,South,3867.03,6
O10302,P1016,C1004,2023-02-01,North,1545.21,8
O10303,P1010,C1022,2023-02-13,South,6133.63,9
O10304,P1001,C1007,2023-12-29,South,7935.1,8
O10305,P1016,C1016,2023-11-09,South,1282.52,3
O10306,P1009,C1012,2023-07-29,West,4266.05,6
O10307,P1001,C1025,2023-11-20,West,955.92,6
O10308,P1003,C1017,2023-12-14,North,2490.13,7
O10309,P1019,C1027,2023-03-18,North,1040.11,6
O10310,P1004,C1029,2023-06-29,East,4854.63,5
O10311,P1012,C1004,2023-11-01,North,757.25,2
O10312,P1012,C1020,2023-06-18,South,2109.31,3
O10313,P1016,C1002,2023-11-27,West,3903.48,7
O10314,P1000,C1011,2023-06-08,North,2868.16,3
O10315,P1010,C1024,2023-09-06,East,1215.55,4
O10316,P1004,C1004,2023-02-09,North,4299.93,5
O10317,P1003,C1016,2023-10-04,South,1205.75,9
O10318,P1010,C1028,2023-11-13,East,1912.57,3
O10319,P1004,C1005,2023-04-03,South,8281.39,10
O10320,P1005,C1023,2023-08-13,North,469.77,1
O10321,P1007,C1014,2023-11-09,South,3885.76,5
O10322,P1014,C1007,2023-10-01,South,1514.08,4
O10323,P1015,C1028,2023-04-10,East,4262.86,6
O10324,P1018,C1014,2023-08-25,South,4001.56,5
O10325,P1016,C1016,2023-08-03,South,2505.61,3
O10326,P1019,C1004,2023-05-09,North,677.06,1
O10327,P1011,C1017,2023-02-22,North,7794.44,9
O10328,P1009,C1002,2023-03-24,West,2521.94,5
O10329,P1016,C1004,2023-08-12,North,1903.54,2
O10330,P1007,C1026,2023-08-19,East,5624.55,6
O10331,P1013,C1001,2023-07-22,East,3929.09,9
O10332,P1012,C1002,2023-07-11,West,501.48,4
O10333,P1003,C1026,2023-11-29,East,4873.46,6
O10334,P1004,C1001,2023-05-27,East,5811.72,8
O10335,P1004,C1024,2023-12-28,East,4029.93,8
O10336,P1000,C1028,2023-02-10,East,330.33,1
O10337,P1004,C1017,2023-11-08,North,4328.36,9
O10338,P1009,C1007,2023-06-04,South,285.95,2
O10339,P1013,C1020,2023-11-15,South,1252.21,8
O10340,P1015,C1019,2023-10-02,West,668.76,1
O10341,P1018,C1007,2023-03-15,South,2431.58,5
O10342,P1019,C1011,2023-05-04,North,4749.11,10
O10343,P1002,C1016,2023-07-04,South,1916.13,2
O10344,P1017,C1016,2023-09-17,South,1064.71,9
O10345,P1015,C1001,2023-11-22,East,6880.55,7
O10346,P1008,C1023,2023-01-09,North,4858.01,6
O10347,P1011,C1007,2023-12-03,South,1588.7,2
O10348,P1010,C1004,2023-01-23,North,3548.47,6
O10349,P1005,C1026,2023-12-17,East,7861.9,8
O10350,P1015,C1020,2023-04-04,South,470.37,3
O10351,P1014,C1001,2023-05-31,East,557.7,4
O10352,P1006,C1028,2023-01-22,East,5640.2,6
O10353,P1016,C1012,2023-10-06,West,2623.86,8
O10354,P1006,C1009,2023-07-02,West,879.22,1
O10355,P1010,C1008,2023-03-05,East,2959.54,6
O10356,P1012,C1023,2023-08-14,North,2835.93,7
O10357,P1005,C1015,2023-12-21,East,3444.9,8
O10358,P1016,C1008,2023-02-12,East,1197.24,7
O10359,P1019,C1026,2023-04-03,East,3279.51,9
O10360,P1003,C1002,2023-06-17,West,1879.23,5
O10361,P1019,C1022,2023-08-07,South,2162.36,3
O10362,P1011,C1014,2023-01-22,South,3920.2,6
O10363,P1013,C1008,2023-11-24,East,167.54,1
O10364,P1012,C1011,2023-09-20,North,2872.53,3
O10365,P1004,C1027,2023-11-08,North,1050.55,8
O10366,P1002,C1007,2023-11-27,South,2555.61,6
O10367,P1018,C1001,2023-11-06,East,2133.47,3
O10368,P1011,C1011,2023-08-16,North,1233.06,2
O10369,P1016,C1011,2023-07-23,North,4107.63,6
O10370,P1007,C1003,2023-01-14,East,1647.42,3
O10371,P1012,C1029,2023-10-15,East,671.2,2
O10372,P1008,C1022,2023-08-17,South,3986.91,4
O10373,P1009,C1022,2023-09-09,South,841.49,4
O10374,P1002,C1014,2023-03-30,South,7980.29,8
O10375,P1010,C1021,2023-06-27,North,1189.99,2
O10376,P1009,C1028,2023-06-03,East,2221.88,3
O10377,P1005,C1025,2023-07-05,West,2716.36,9
O10378,P1006,C1025,2023-03-13,West,3245.34,4
O10379,P1000,C1011,2023-10-11,North,4320.2,10
O10380,P1017,C1004,2023-11-10,North,318.35,2
O10381,P1012,C1022,2023-09-03,South,4227.44,9
O10382,P1013,C1026,2023-10-22,East,425.59,2
O10383,P1010,C1020,2023-02-07,South,4154.0,8
O10384,P1016,C1011,2023-03-07,North,6082.33,9
O10385,P1005,C1024,2023-03-08,East,3868.04,7
O10386,P1001,C1026,2023-03-05,East,2139.43,9
O10387,P1005,C1005,2023-06-15,South,1645.68,4
O10388,P1016,C1028,2023-05-26,East,651.09,2
O10389,P1017,C1008,2023-03-06,East,3264.93,5
O10390,P1002,C1016,2023-11-25,South,1897.88,3
O10391,P1018,C1004,2023-03-29,North,7485.69,10
O10392,P1019,C1010,2023-10-16,West,842.71,1
O10393,P1000,C1002,2023-01-24,West,3381.9,10
O10394,P1006,C1024,2023-10-20,East,4594.08,7
O10395,P1000,C1015,2023-11-18,East,3246.34,9
O10396,P1009,C1015,2023-05-06,East,2573.83,7
O10397,P1002,C1022,2023-01-31,South,1486.93,3
O10398,P1015,C1014,2023-04-15,South,3875.97,6
O10399,P1010,C1027,2023-06-13,North,5867.02,6
O10400,P1004,C1024,2023-07-09,East,5449.37,9
O10401,P1010,C1007,2023-08-27,South,681.45,2
O10402,P1007,C1004,2023-02-19,North,361.19,1
O10403,P1012,C1027,2023-11-12,North,2264.1,7
O10404,P1005,C1026,2023-06-17,East,7490.16,10
O10405,P1006,C1024,2023-03-23,East,7970.98,8
O10406,P1014,C1015,2023-06-07,East,966.87,8
O10407,P1012,C1016,2023-08-23,South,1174.52,4
O10408,P1011,C1001,2023-01-26,East,2727.02,5
O10409,P1015,C1009,2023-10-02,West,862.46,1
O10410,P1013,C1004,2023-05-16,North,4724.83,6
O10411,P1011,C1001,2023-07-25,East,613.25,1
O10412,P1006,C1011,2023-10-11,North,830.89,5
O10413,P1016,C1014,2023-10-09,South,4213.9,5
O10414,P1019,C1021,2023-11-09,North,431.59,2
O10415,P1003,C1012,2023-07-11,West,3612.29,6
O10416,P1011,C1024,2023-03-15,East,2568.87,4
O10417,P1012,C1016,2023-01-21,South,135.02,1
O10418,P1010,C1025,2023-08-31,West,4601.61,9
O10419,P1019,C1028,2023-09-21,East,1185.51,3
O10420,P1019,C1010,2023-03-25,West,6940.88,7
O10421,P1009,C1018,2023-06-22,North,7609.14,9
O10422,P1017,C1015,2023-12-29,East,3698.12,10
O10423,P1000,C1011,2023-06-19,North,1963.82,2
O10424,P1018,C1009,2023-12-19,West,637.22,1
O10425,P1008,C1020,2023-10-24,South,3047.89,10
O10426,P1001,C1018,2023-09-03,North,1715.43,3
O10427,P1019,C1024,2023-07-14,East,2518.49,3
O10428,P1007,C1001,2023-10-21,East,543.41,2
O10429,P1014,C1010,2023-08-03,West,1414.99,3
O10430,P1006,C1013,2023-09-14,East,9284.69,10
O10431,P1001,C1022,2023-03-12,South,2579.47,9
O10432,P1010,C1021,2023-09-02,North,3952.28,9
O10433,P1005,C1014,2023-09-30,South,3549.88,6
O10434,P1008,C1019,2023-09-05,West,3846.41,4
O10435,P1008,C1017,2023-06-02,North,3789.35,4
O10436,P1009,C1024,2023-05-28,East,2884.86,4
O10437,P1015,C1010,2023-09-03,West,3626.63,6
O10438,P1008,C1009,2023-03-04,West,7089.6,10
O10439,P1012,C1028,2023-07-22,East,5754.89,6
O10440,P1004,C1009,2023-01-22,West,4798.91,5
O10441,P1002,C1011,2023-08-15,North,3863.02,5
O10442,P1006,C1006,2023-10-03,South,4698.61,5
O10443,P1008,C1004,2023-02-25,North,7668.02,10
O10444,P1007,C1007,2023-01-26,South,2727.94,9
O10445,P1007,C1001,2023-02-21,East,2780.85,7
O10446,P1015,C1003,2023-12-15,East,313.99,3
O10447,P1017,C1029,2023-03-22,East,4813.22,7
O10448,P1015,C1015,2023-11-30,East,3121.28,4
O10449,P1009,C1010,2023-05-27,West,917.14,1
O10450,P1002,C1020,2023-10-21,South,2326.55,4
O10451,P1001,C1029,2023-03-31,East,6258.14,7
O10452,P1005,C1029,2023-01-19,East,5664.15,7
O10453,P1005,C1029,2023-05-29,East,108.34,1
O10454,P1018,C1019,2023-02-24,West,2136.63,6
O10455,P1017,C1016,2023-09-10,South,2597.86,3
O10456,P1014,C1008,2023-04-09,East,795.23,2
O10457,P1014,C1020,2023-05-12,South,338.03,3
O10458,P1010,C1025,2023-06-01,West,7069.61,10
O10459,P1006,C1005,2023-11-09,South,5910.04,7
O10460,P1016,C1010,2023-02-14,West,4916.31,7
O10461,P1005,C1004,2023-09-02,North,5653.46,6
O10462,P1000,C1008,2023-07-16,East,2008.25,4
O10463,P1008,C1010,2023-06-04,West,7505.94,10
O10464,P1000,C1008,2023-12-01,East,4340.95,6
O10465,P1001,C1021,2023-03-02,North,3009.01,8
O10466,P1012,C1021,2023-09-15,North,3606.31,5
O10467,P1009,C1011,2023-11-11,North,1188.86,4
O10468,P1004,C1015,2023-03-20,East,6183.69,8
O10469,P1019,C1011,2023-08-01,North,8293.65,9
O10470,P1017,C1025,2023-12-07,West,3142.69,4
O10471,P1019,C1027,2023-02-11,North,4518.66,9
O10472,P1011,C1002,2023-10-16,West,311.16,2
O10473,P1017,C1028,2023-09-16,East,2461.73,4
O10474,P1004,C1005,2023-06-17,South,4478.91,9
O10475,P1006,C1022,2023-10-26,South,1454.78,8
O10476,P1016,C1014,2023-01-29,South,1750.0,8
O10477,P1013,C1014,2023-10-16,South,602.92,1
O10478,P1009,C1023,2023-01-12,North,2303.08,7
O10479,P1000,C1023,2023-04-22,North,1657.27,10
O10480,P1013,C1011,2023-12-25,North,1174.09,2
O10481,P1001,C1029,2023-02-05,East,1028.49,8
O10482,P1013,C1005,2023-03-11,South,3059.1,7
O10483,P1012,C1014,2023-07-13,South,1205.57,7
O10484,P1017,C1004,2023-12-01,North,1240.62,6
O10485,P1017,C1012,2023-09-28,West,2265.22,3
O10486,P1007,C1026,2023-01-02,East,980.64,1
O10487,P1014,C1021,2023-10-06,North,4051.18,7
O10488,P1007,C1007,2023-08-24,South,1437.66,6
O10489,P1006,C1029,2023-02-27,East,828.53,1
O10490,P1013,C1019,2023-01-09,West,1141.89,4
O10491,P1003,C1019,2023-01-18,West,5104.05,8
O10492,P1001,C1007,2023-01-23,South,3465.47,7
O10493,P1017,C1006,2023-01-29,South,1660.52,3
O10494,P1009,C1007,2023-10-22,South,3718.36,6
O10495,P1010,C1007,2023-06-04,South,2961.38,3
O10496,P1016,C1007,2023-07-31,South,1738.19,5
O10497,P1017,C1018,2023-03-31,North,4201.86,7
O10498,P1001,C1011,2023-11-26,North,5650.57,7
O10499,P1010,C1022,2023-08-02,South,1640.07,7
O10500,P1012,C1005,2023-10-03,South,2534.97,8
O10501,P1007,C1009,2023-12-29,West,2475.6,3
O10502,P1001,C1017,2023-07-31,North,4210.91,7
O10503,P1004,C1012,2023-05-05,West,1415.02,5
O10504,P1002,C1029,2023-08-19,East,1099.31,6
O10505,P1006,C1001,2023-05-18,East,4944.13,7
O10506,P1019,C1001,2023-02-07,East,3296.74,4
O10507,P1018,C1023,2023-12-10,North,2657.83,9
O10508,P1006,C1027,2023-06-20,North,4806.59,5
O10509,P1000,C1006,2023-04-08,South,1544.38,2
O10510,P1015,C1029,2023-05-05,East,7333.92,10
O10511,P1012,C1029,2023-05-03,East,3505.08,9
O10512,P1009,C1012,2023-08-27,West,6154.64,9
O10513,P1009,C1008,2023-07-04,East,8050.78,9
O10514,P1014,C1003,2023-08-29,East,5537.38,6
O10515,P1011,C1010,2023-07-31,West,606.27,1
O10516,P1007,C1023,2023-03-16,North,334.7,1
O10517,P1018,C1018,2023-08-02,North,1185.85,5
O10518,P1010,C1007,2023-07-14,South,8500.26,10
O10519,P1015,C1017,2023-12-02,North,1989.56,6
O10520,P1015,C1023,2023-11-25,North,4117.97,8
O10521,P1011,C1005,2023-03-13,South,4855.36,9
O10522,P1017,C1020,2023-01-31,South,1173.97,9
O10523,P1002,C1026,2023-12-09,East,787.9,1
O10524,P1013,C1004,2023-11-19,North,644.68,4
O10525,P1004,C1000,2023-04-22,South,4593.68,9
O10526,P1001,C1019,2023-11-23,West,9214.76,10
O10527,P1015,C1000,2023-01-04,South,5368.31,9
O10528,P1000,C1000,2023-09-29,South,2910.82,5
O10529,P1009,C1000,2023-09-15,South,5778.86,7
O10530,P1005,C1003,2023-02-19,East,2106.07,9
O10531,P1006,C1019,2023-09-27,West,4168.46,5
O10532,P1008,C1025,2023-07-23,West,871.49,2
O10533,P1012,C1014,2023-10-17,South,3964.84,4
O10534,P1007,C1009,2023-12-17,West,1376.72,2
O10535,P1001,C1002,2023-07-27,West,3076.17,7
O10536,P1015,C1001,2023-11-23,East,732.56,1
O10537,P1002,C1015,2023-08-11,East,3655.63,6
O10538,P1003,C1028,2023-09-28,East,306.79,1
O10539,P1018,C1015,2023-05-19,East,931.74,1
O10540,P1008,C1028,2023-10-06,East,6922.98,10
O10541,P1005,C1029,2023-06-11,East,965.32,1
O10542,P1018,C1004,2023-12-31,North,6551.91,7
O10543,P1009,C1005,2023-10-16,South,2440.11,4
O10544,P1012,C1021,2023-10-04,North,2672.77,6
O10545,P1004,C1025,2023-12-19,West,1101.43,2
O10546,P1011,C1001,2023-02-20,East,2162.51,7
O10547,P1002,C1010,2023-11-06,West,9593.73,10
O10548,P1012,C1024,2023-06-17,East,670.71,1
O10549,P1014,C1015,2023-04-27,East,3586.4,6
O10550,P1012,C1013,2023-04-06,East,6946.05,10
O10551,P1002,C1024,2023-11-13,East,4091.25,5
O10552,P1002,C1002,2023-05-18,West,1326.0,3
O10553,P1004,C1023,2023-07-19,North,2547.78,6
O10554,P1002,C1000,2023-06-07,South,3391.41,8
O10555,P1008,C1003,2023-03-09,East,537.31,2
O10556,P1014,C1017,2023-10-12,North,4205.16,9
O10557,P1000,C1002,2023-07-01,West,1653.82,9
O10558,P1019,C1025,2023-06-16,West,777.75,7
O10559,P1013,C1012,2023-02-13,West,8232.18,9
O10560,P1007,C1018,2023-09-24,North,2150.35,3
O10561,P1005,C1004,2023-05-18,North,1707.83,5
O10562,P1004,C1002,2023-03-27,West,2438.56,7
O10563,P1009,C1015,2023-02-09,East,1959.18,6
O10564,P1007,C1023,2023-11-17,North,5075.41,8
O10565,P1006,C1014,2023-02-24,South,1122.58,3
O10566,P1012,C1010,2023-11-14,West,5765.68,7
O10567,P1010,C1014,2023-06-21,South,5837.5,7
O10568,P1019,C1004,2023-06-03,North,3857.34,6
O10569,P1006,C1015,2023-06-10,East,2904.35,3
O10570,P1010,C1009,2023-12-22,West,7767.89,8
O10571,P1007,C1010,2023-07-12,West,4174.23,5
O10572,P1012,C1011,2023-02-28,North,2798.2,10
O10573,P1017,C1005,2023-12-16,South,1118.02,9
O10574,P1014,C1022,2023-04-18,South,6543.34,8
O10575,P1002,C1026,2023-07-29,East,1802.09,8
O10576,P1009,C1007,2023-05-10,South,2231.14,3
O10577,P1012,C1002,2023-08-18,West,5313.11,10
O10578,P1012,C1017,2023-09-17,North,4124.96,7
O10579,P1011,C1022,2023-10-02,South,6743.62,10
O10580,P1002,C1003,2023-05-08,East,1498.23,6
O10581,P1019,C1001,2023-10-16,East,6790.91,7
O10582,P1010,C1025,2023-08-09,West,218.99,2
O10583,P1008,C1007,2023-09-19,South,5419.75,9
O10584,P1018,C1007,2023-08-17,South,2712.12,6
O10585,P1018,C1022,2023-09-14,South,1231.41,3
O10586,P1000,C1015,2023-02-23,East,2371.89,5
O10587,P1002,C1003,2023-03-14,East,2284.21,6
O10588,P1014,C1025,2023-04-16,West,4811.7,9
O10589,P1015,C1003,2023-08-13,East,3096.15,8
O10590,P1009,C1001,2023-12-30,East,240.65,2
O10591,P1010,C1020,2023-02-25,South,2810.79,3
O10592,P1007,C1016,2023-03-31,South,2197.1,9
O10593,P1017,C1013,2023-08-25,East,3271.92,4
O10594,P1005,C1005,2023-11-24,South,3192.17,7
O10595,P1019,C1028,2023-04-12,East,5063.86,8
O10596,P1012,C1000,2023-12-27,South,1140.82,4
O10597,P1002,C1018,2023-02-22,North,2414.37,9
O10598,P1010,C1006,2023-08-23,South,672.24,2
O10599,P1015,C1016,2023-11-24,South,3823.64,6
O10600,P1019,C1012,2023-10-28,West,826.26,2
O10601,P1014,C1019,2023-03-30,West,4634.07,5
O10602,P1018,C1002,2023-12-11,West,1145.6,3
O10603,P1007,C1009,2023-03-01,West,1307.93,3
O10604,P1004,C1016,2023-07-18,South,4457.48,7
O10605,P1018,C1012,2023-08-05,West,1614.01,3
O10606,P1017,C1022,2023-11-27,South,1798.26,3
O10607,P1015,C1009,2023-03-13,West,1149.37,3
O10608,P1014,C1019,2023-01-28,West,5739.95,6
O10609,P1015,C1004,2023-04-10,North,6772.12,7
O10610,P1016,C1020,2023-09-11,South,5013.59,7
O10611,P1013,C1022,2023-08-16,South,2004.23,8
O10612,P1018,C1000,2023-04-23,South,647.13,5
O10613,P1007,C1017,2023-05-28,North,2408.0,3
O10614,P1018,C1023,2023-09-11,North,5037.53,9
O10615,P1018,C1003,2023-05-18,East,7568.59,9
O10616,P1011,C1017,2023-01-22,North,4733.74,8
O10617,P1013,C1003,2023-12-01,East,1471.75,4
O10618,P1001,C1014,2023-05-15,South,5255.88,6
O10619,P1002,C1014,2023-03-02,South,1155.56,4
O10620,P1018,C1022,2023-06-29,South,6694.94,10
O10621,P1005,C1019,2023-03-13,West,3328.71,4
O10622,P1001,C1018,2023-06-29,North,3176.79,9
O10623,P1017,C1005,2023-06-15,South,1802.0,5
O10624,P1008,C1027,2023-09-21,North,444.06,2
O10625,P1013,C1029,2023-01-31,East,4401.71,5
O10626,P1004,C1022,2023-03-09,South,926.48,4
O10627,P1010,C1026,2023-05-07,East,3783.59,7
O10628,P1018,C1020,2023-05-18,South,3063.59,7
O10629,P1002,C1020,2023-02-17,South,3948.36,7
O10630,P1008,C1022,2023-07-08,South,7641.83,8
O10631,P1010,C1018,2023-01-02,North,1515.68,2
O10632,P1014,C1020,2023-12-07,South,5190.57,6
O10633,P1017,C1012,2023-04-22,West,5896.54,7
O10634,P1015,C1008,2023-06-15,East,2019.9,5
O10635,P1018,C1004,2023-10-17,North,6475.79,8
O10636,P1001,C1001,2023-02-20,East,917.23,8
O10637,P1005,C1014,2023-08-22,South,992.65,1
O10638,P1013,C1006,2023-12-19,South,2681.8,3
O10639,P1009,C1005,2023-05-21,South,1378.26,2
O10640,P1008,C1002,2023-07-10,West,439.83,3
O10641,P1009,C1023,2023-12-25,North,1945.23,4
O10642,P1002,C1022,2023-02-18,South,292.08,1
O10643,P1002,C1004,2023-10-31,North,2270.0,4
O10644,P1014,C1000,2023-01-05,South,5012.39,6
O10645,P1013,C1022,2023-03-09,South,1309.96,8
O10646,P1012,C1002,2023-02-22,West,764.03,2
O10647,P1009,C1004,2023-07-15,North,2032.26,3
O10648,P1004,C1002,2023-09-29,West,1076.27,10
O10649,P1005,C1014,2023-06-29,South,2661.09,4
O10650,P1004,C1029,2023-07-30,East,7179.1,10
O10651,P1006,C1002,2023-02-21,West,2331.6,3
O10652,P1018,C1023,2023-07-16,North,5801.54,6
O10653,P1010,C1025,2023-03-13,West,1397.08,4
O10654,P1002,C1007,2023-10-11,South,6400.07,10
O10655,P1019,C1009,2023-12-20,West,863.1,1
O10656,P1009,C1006,2023-09-23,South,5585.7,10
O10657,P1012,C1009,2023-11-27,West,805.42,1
O10658,P1007,C1015,2023-07-17,East,633.95,2
O10659,P1019,C1002,2023-09-28,West,988.19,1
O10660,P1010,C1004,2023-07-18,North,4787.77,10
O10661,P1017,C1021,2023-03-30,North,7672.06,8
O10662,P1002,C1000,2023-10-28,South,224.83,2
O10663,P1006,C1001,2023-01-31,East,3891.65,7
O10664,P1016,C1024,2023-08-01,East,5121.41,7
O10665,P1002,C1020,2023-10-02,South,5889.98,9
O10666,P1008,C1002,2023-06-08,West,1120.35,2
O10667,P1006,C1025,2023-03-21,West,3546.68,9
O10668,P1018,C1020,2023-11-29,South,758.31,2
O10669,P1013,C1023,2023-05-03,North,320.03,1
O10670,P1013,C1003,2023-08-21,East,6479.49,10
O10671,P1009,C1021,2023-12-03,North,622.5,3
O10672,P1004,C1022,2023-01-06,South,1640.31,3
O10673,P1011,C1016,2023-09-22,South,1251.33,5
O10674,P1004,C1023,2023-05-18,North,1588.57,2
O10675,P1000,C1010,2023-08-08,West,2857.34,5
O10676,P1008,C1022,2023-10-23,South,1093.07,2
O10677,P1016,C1011,2023-01-29,North,6987.39,8
O10678,P1005,C1011,2023-03-22,North,3979.98,5
O10679,P1018,C1021,2023-03-01,North,3066.81,4
O10680,P1000,C1001,2023-01-07,East,565.53,4
O10681,P1011,C1012,2023-03-18,West,2814.13,3
O10682,P1001,C1017,2023-12-02,North,2114.45,7
O10683,P1007,C1013,2023-06-13,East,4216.99,5
O10684,P1018,C1011,2023-03-03,North,6353.94,9
O10685,P1001,C1005,2023-04-25,South,8849.45,9
O10686,P1012,C1002,2023-08-27,West,3980.87,5
O10687,P1009,C1010,2023-02-14,West,4599.64,9
O10688,P1011,C1006,2023-05-30,South,8060.56,10
O10689,P1019,C1007,2023-08-26,South,3795.13,6
O10690,P1015,C1024,2023-04-11,East,7059.91,9
O10691,P1007,C1004,2023-01-04,North,850.63,7
O10692,P1017,C1011,2023-11-22,North,955.89,1
O10693,P1000,C1024,2023-12-03,East,6048.74,7
O10694,P1009,C1003,2023-04-16,East,8863.24,9
O10695,P1013,C1015,2023-01-31,East,2221.46,3
O10696,P1002,C1001,2023-04-29,East,4245.76,9
O10697,P1011,C1014,2023-02-13,South,1860.19,10
O10698,P1004,C1020,2023-07-21,South,1265.41,2
O10699,P1001,C1013,2023-12-06,East,939.28,3
O10700,P1008,C1027,2023-06-11,North,5114.57,7
O10701,P1010,C1010,2023-08-20,West,1551.25,5
O10702,P1006,C1004,2023-10-27,North,479.74,2
O10703,P1005,C1014,2023-08-27,South,2795.17,6
O10704,P1017,C1011,2023-04-17,North,3019.82,8
O10705,P1008,C1027,2023-03-03,North,483.71,2
O10706,P1009,C1026,2023-12-27,East,1362.97,10
O10707,P1010,C1004,2023-02-16,North,3886.24,4
O10708,P1012,C1016,2023-01-26,South,1670.75,5
O10709,P1005,C1000,2023-07-27,South,4802.87,8
O10710,P1017,C1007,2023-02-18,South,1533.73,8
O10711,P1004,C1003,2023-01-07,East,847.34,1
O10712,P1007,C1004,2023-04-12,North,3045.11,7
O10713,P1002,C1018,2023-10-28,North,4628.43,5
O10714,P1002,C1000,2023-02-03,South,3648.99,4
O10715,P1014,C1025,2023-03-07,West,1829.14,2
O10716,P1010,C1003,2023-01-22,East,1164.59,8
O10717,P1018,C1013,2023-07-22,East,1012.27,8
O10718,P1013,C1005,2023-07-01,South,3669.9,4
O10719,P1008,C1008,2023-08-17,East,393.55,3
O10720,P1019,C1019,2023-05-06,West,2745.01,5
O10721,P1017,C1015,2023-02-01,East,703.6,2
O10722,P1004,C1013,2023-04-13,East,2918.1,9
O10723,P1017,C1025,2023-01-10,West,5626.07,7
O10724,P1011,C1015,2023-10-06,East,3277.05,8
O10725,P1018,C1016,2023-06-14,South,2403.74,7
O10726,P1000,C1010,2023-11-02,West,505.49,4
O10727,P1008,C1001,2023-08-30,East,3795.21,9
O10728,P1018,C1007,2023-03-23,South,646.14,2
O10729,P1007,C1008,2023-10-01,East,787.64,1
O10730,P1007,C1018,2023-07-18,North,5650.11,6
O10731,P1005,C1005,2023-05-02,South,3862.04,10
O10732,P1011,C1029,2023-10-30,East,733.11,1
O10733,P1011,C1018,2023-10-16,North,1820.39,3
O10734,P1006,C1026,2023-09-10,East,3403.33,9
O10735,P1015,C1001,2023-02-16,East,309.36,1
O10736,P1007,C1000,2023-09-27,South,804.92,8
O10737,P1019,C1006,2023-03-08,South,4471.46,6
O10738,P1010,C1001,2023-01-12,East,1883.84,3
O10739,P1004,C1024,2023-02-26,East,7871.42,9
O10740,P1002,C1011,2023-12-27,North,4391.9,7
O10741,P1010,C1009,2023-06-15,West,2934.82,3
O10742,P1013,C1025,2023-11-24,West,5474.1,8
O10743,P1005,C1022,2023-10-15,South,8082.93,10
O10744,P1007,C1021,2023-10-29,North,1321.64,3
O10745,P1009,C1004,2023-04-01,North,953.91,1
O10746,P1018,C1012,2023-10-18,West,263.87,1
O10747,P1010,C1029,2023-11-10,East,2702.73,4
O10748,P1003,C1029,2023-09-12,East,1194.15,3
O10749,P1002,C1007,2023-06-27,South,1506.59,6
O10750,P1002,C1026,2023-12-29,East,3011.8,6
O10751,P1008,C1006,2023-05-08,South,830.87,2
O10752,P1003,C1023,2023-01-01,North,447.34,1
O10753,P1013,C1005,2023-07-31,South,7148.75,8
O10754,P1011,C1017,2023-07-12,North,1691.85,2
O10755,P1018,C1020,2023-12-18,South,985.56,4
O10756,P1002,C1025,2023-01-18,West,590.35,5
O10757,P1008,C1003,2023-02-07,East,1518.57,6
O10758,P1012,C1005,2023-02-08,South,8528.86,9
O10759,P1002,C1010,2023-11-01,West,9039.04,10
O10760,P1000,C1013,2023-12-01,East,1939.76,3
O10761,P1013,C1005,2023-01-28,South,795.97,2
O10762,P1006,C1013,2023-12-23,East,6748.51,9
O10763,P1017,C1008,2023-12-05,East,1838.3,5
O10764,P1003,C1001,2023-07-21,East,5946.96,10
O10765,P1015,C1004,2023-01-28,North,620.6,6
O10766,P1002,C1009,2023-12-05,West,5322.96,10
O10767,P1003,C1000,2023-04-16,South,2023.11,3
O10768,P1002,C1015,2023-03-01,East,4031.94,5
O10769,P1015,C1015,2023-12-05,East,910.12,5
O10770,P1017,C1012,2023-04-05,West,5381.66,6
O10771,P1011,C1005,2023-08-17,South,336.97,1
O10772,P1014,C1008,2023-04-26,East,3039.11,5
O10773,P1004,C1024,2023-12-23,East,354.27,2
O10774,P1011,C1025,2023-10-05,West,6815.44,7
O10775,P1018,C1007,2023-10-11,South,856.72,1
O10776,P1016,C1013,2023-10-02,East,4923.54,8
O10777,P1007,C1015,2023-06-03,East,910.65,2
O10778,P1001,C1016,2023-10-20,South,7383.65,9
O10779,P1019,C1004,2023-03-03,North,2044.73,8
O10780,P1005,C1006,2023-04-09,South,415.22,3
O10781,P1002,C1021,2023-08-11,North,3990.17,4
O10782,P1004,C1026,2023-11-01,East,1938.87,5
O10783,P1002,C1002,2023-07-18,West,4118.58,9
O10784,P1010,C1027,2023-05-22,North,4611.07,9
O10785,P1000,C1025,2023-12-25,West,6288.18,10
O10786,P1013,C1003,2023-08-01,East,700.14,3
O10787,P1018,C1018,2023-02-21,North,1212.83,2
O10788,P1003,C1025,2023-05-27,West,8029.1,9
O10789,P1013,C1008,2023-07-16,East,4918.57,8
O10790,P1015,C1001,2023-03-30,East,2313.38,5
O10791,P1019,C1019,2023-12-15,West,944.33,7
O10792,P1010,C1022,2023-05-02,South,771.17,1
O10793,P1008,C1028,2023-07-10,East,404.08,1
O10794,P1009,C1009,2023-05-24,West,6979.29,8
O10795,P1003,C1027,2023-04-27,North,1111.3,3
O10796,P1014,C1024,2023-06-14,East,3779.6,5
O10797,P1019,C1020,2023-02-15,South,1990.18,4
O10798,P1013,C1023,2023-09-06,North,7924.23,9
O10799,P1001,C1016,2023-03-23,South,760.02,2
O10800,P1016,C1012,2023-03-11,West,8022.59,9
O10801,P1000,C1005,2023-04-09,South,3413.12,4
O10802,P1007,C1001,2023-08-22,East,926.23,1
O10803,P1006,C1008,2023-07-08,East,4436.91,8
O10804,P1003,C1021,2023-01-16,North,1740.88,4
O10805,P1019,C1014,2023-04-01,South,5025.54,8
O10806,P1011,C1011,2023-03-25,North,3870.33,5
O10807,P1002,C1009,2023-01-15,West,1012.8,7
O10808,P1018,C1024,2023-04-20,East,2730.57,4
O10809,P1006,C1008,2023-11-30,East,3933.67,7
O10810,P1000,C1015,2023-03-09,East,1923.08,3
O10811,P1000,C1007,2023-05-10,South,8245.77,10
O10812,P1009,C1022,2023-12-30,South,2407.13,5
O10813,P1012,C1027,2023-06-28,North,2614.39,8
O10814,P1014,C1009,2023-12-13,West,7576.92,9
O10815,P1012,C1018,2023-02-22,North,560.36,1
O10816,P1011,C1017,2023-11-28,North,6481.45,10
O10817,P1009,C1021,2023-02-25,North,1259.63,8
O10818,P1008,C1020,2023-06-16,South,1675.16,5
O10819,P1009,C1006,2023-03-18,South,7100.34,9
O10820,P1001,C1025,2023-11-04,West,4861.34,7
O10821,P1004,C1023,2023-01-14,North,7981.78,8
O10822,P1008,C1029,2023-08-03,East,3146.13,7
O10823,P1001,C1018,2023-12-29,North,8344.13,10
O10824,P1010,C1023,2023-04-24,North,6070.34,9
O10825,P1015,C1029,2023-12-10,East,3339.5,6
O10826,P1005,C1026,2023-12-03,East,2367.2,9
O10827,P1003,C1015,2023-03-07,East,3763.34,5
O10828,P1017,C1024,2023-04-04,East,4133.95,6
O10829,P1007,C1011,2023-04-25,North,2392.13,5
O10830,P1010,C1011,2023-05-14,North,3646.46,10
O10831,P1003,C1015,2023-01-28,East,6222.82,10
O10832,P1019,C1002,2023-08-30,West,2201.72,4
O10833,P1012,C1016,2023-06-02,South,1040.59,7
O10834,P1004,C1004,2023-04-13,North,2809.64,6
O10835,P1018,C1028,2023-08-23,East,1154.24,3
O10836,P1005,C1024,2023-02-11,East,3194.93,8
O10837,P1005,C1010,2023-11-21,West,104.24,1
O10838,P1008,C1006,2023-03-28,South,7880.35,10
O10839,P1015,C1025,2023-02-15,West,1959.1,3
O10840,P1013,C1012,2023-08-08,West,3559.88,8
O10841,P1001,C1017,2023-04-13,North,5730.37,6
O10842,P1010,C1024,2023-09-29,East,464.5,4
O10843,P1000,C1020,2023-05-08,South,2896.69,4
O10844,P1011,C1009,2023-03-08,West,890.39,2
O10845,P1018,C1009,2023-03-27,West,1682.92,2
O10846,P1009,C1009,2023-08-22,West,5730.6,9
O10847,P1010,C1013,2023-12-18,East,1225.38,3
O10848,P1015,C1011,2023-04-07,North,2859.83,3
O10849,P1012,C1000,2023-04-27,South,3017.81,4
O10850,P1004,C1006,2023-01-12,South,5541.7,10
O10851,P1003,C1011,2023-12-31,North,437.67,1
O10852,P1008,C1024,2023-10-01,East,1437.28,10
O10853,P1001,C1021,2023-02-25,North,143.41,1
O10854,P1003,C1013,2023-08-16,East,1478.65,7
O10855,P1008,C1015,2023-12-26,East,854.84,3
O10856,P1000,C1009,2023-08-04,West,1392.47,2
O10857,P1008,C1019,2023-11-07,West,1430.83,3
O10858,P1003,C1016,2023-11-13,South,708.87,2
O10859,P1003,C1015,2023-04-12,East,2797.74,10
O10860,P1008,C1026,2023-09-25,East,1688.52,4
O10861,P1013,C1009,2023-03-24,West,593.32,1
O10862,P1006,C1022,2023-09-04,South,1866.33,6
O10863,P1000,C1021,2023-02-15,North,1703.42,2
O10864,P1015,C1004,2023-02-16,North,1507.89,9
O10865,P1003,C1028,2023-05-12,East,2044.3,4
O10866,P1009,C1008,2023-08-26,East,189.83,1
O10867,P1005,C1027,2023-01-21,North,2120.97,5
O10868,P1010,C1013,2023-03-01,East,1732.24,2
O10869,P1001,C1000,2023-03-12,South,1187.38,3
O10870,P1014,C1019,2023-05-18,West,870.72,2
O10871,P1010,C1005,2023-02-28,South,3221.58,7
O10872,P1014,C1008,2023-07-17,East,6559.27,8
O10873,P1005,C1003,2023-03-09,East,983.41,1
O10874,P1005,C1003,2023-08-02,East,5344.07,10
O10875,P1018,C1021,2023-08-13,North,1950.57,3
O10876,P1011,C1019,2023-01-15,West,1604.32,3
O10877,P1015,C1003,2023-07-30,East,1131.0,8
O10878,P1008,C1020,2023-06-10,South,734.11,1
O10879,P1016,C1024,2023-10-23,East,3015.86,10
O10880,P1010,C1016,2023-09-25,South,1857.18,10
O10881,P1007,C1015,2023-06-27,East,1636.52,7
O10882,P1017,C1028,2023-11-10,East,110.48,1
O10883,P1005,C1016,2023-08-29,South,7059.79,8
O10884,P1002,C1024,2023-09-09,East,1900.82,6
O10885,P1008,C1001,2023-09-17,East,2381.78,4
O10886,P1012,C1012,2023-05-01,West,1026.37,2
O10887,P1018,C1014,2023-02-15,South,4018.89,8
O10888,P1003,C1015,2023-12-01,East,192.38,1
O10889,P1013,C1001,2023-10-13,East,901.37,9
O10890,P1002,C1025,2023-11-06,West,6737.84,10
O10891,P1016,C1017,2023-04-16,North,7642.56,8
O10892,P1011,C1026,2023-01-28,East,3439.54,4
O10893,P1010,C1017,2023-11-14,North,5258.2,10
O10894,P1011,C1022,2023-08-20,South,375.39,2
O10895,P1007,C1000,2023-06-24,South,5081.37,6
O10896,P1009,C1017,2023-09-25,North,4391.32,6
O10897,P1001,C1028,2023-03-26,East,1811.23,8
O10898,P1013,C1003,2023-05-11,East,2763.29,10
O10899,P1003,C1029,2023-07-21,East,2045.37,4
O10900,P1006,C1022,2023-06-23,South,1562.87,2
O10901,P1001,C1029,2023-11-21,East,2108.97,10
O10902,P1014,C1014,2023-12-04,South,9605.71,10
O10903,P1004,C1015,2023-01-03,East,6863.33,9
O10904,P1017,C1029,2023-08-10,East,5346.39,10
O10905,P1016,C1024,2023-04-01,East,2562.85,10
O10906,P1004,C1003,2023-07-18,East,6455.45,10
O10907,P1010,C1016,2023-07-16,South,6870.85,7
O10908,P1007,C1008,2023-07-23,East,5840.65,6
O10909,P1014,C1025,2023-03-10,West,1414.41,3
O10910,P1016,C1009,2023-12-26,West,7871.73,9
O10911,P1017,C1020,2023-04-22,South,1154.97,4
O10912,P1009,C1021,2023-06-26,North,2949.61,3
O10913,P1005,C1016,2023-10-05,South,4435.9,6
O10914,P1011,C1017,2023-09-03,North,6135.74,10
O10915,P1013,C1021,2023-10-01,North,4448.65,5
O10916,P1013,C1025,2023-01-07,West,1762.41,9
O10917,P1012,C1004,2023-01-28,North,279.91,1
O10918,P1005,C1009,2023-12-16,West,1158.93,5
O10919,P1001,C1022,2023-06-01,South,3112.94,4
O10920,P1001,C1011,2023-08-20,North,1309.0,2
O10921,P1017,C1027,2023-04-25,North,4049.98,9
O10922,P1016,C1025,2023-12-23,West,3618.21,5
O10923,P1001,C1029,2023-07-15,East,3324.37,7
O10924,P1010,C1017,2023-01-28,North,769.3,1
O10925,P1006,C1019,2023-08-15,West,3681.35,4
O10926,P1011,C1024,2023-10-29,East,6881.45,9
O10927,P1006,C1024,2023-04-10,East,2519.67,5
O10928,P1002,C1005,2023-03-30,South,1866.77,9
O10929,P1001,C1013,2023-05-23,East,3040.34,9
O10930,P1005,C1018,2023-05-11,North,397.51,1
O10931,P1004,C1001,2023-03-20,East,3823.15,6
O10932,P1019,C1026,2023-12-05,East,2707.48,5
O10933,P1018,C1017,2023-07-03,North,1611.26,2
O10934,P1010,C1016,2023-04-23,South,1705.64,3
O10935,P1016,C1005,2023-08-01,South,5249.99,9
O10936,P1002,C1011,2023-04-24,North,2788.0,4
O10937,P1010,C1011,2023-05-31,North,3821.11,4
O10938,P1019,C1016,2023-09-01,South,7571.88,9
O10939,P1000,C1003,2023-12-09,East,3006.6,6
O10940,P1019,C1029,2023-11-15,East,3852.03,4
O10941,P1010,C1012,2023-02-28,West,2316.52,7
O10942,P1009,C1000,2023-09-22,South,3377.27,6
O10943,P1016,C1014,2023-09-07,South,366.79,1
O10944,P1006,C1010,2023-09-21,West,1906.78,2
O10945,P1005,C1024,2023-10-03,East,959.38,9
O10946,P1002,C1006,2023-12-10,South,3513.82,4
O10947,P1013,C1026,2023-02-23,East,2335.92,4
O10948,P1013,C1020,2023-02-06,South,364.13,3
O10949,P1010,C1001,2023-02-14,East,297.68,2
O10950,P1008,C1017,2023-02-06,North,8394.57,10
O10951,P1008,C1013,2023-07-18,East,5337.56,8
O10952,P1013,C1010,2023-01-09,West,4941.78,7
O10953,P1017,C1000,2023-11-25,South,1569.14,10
O10954,P1018,C1001,2023-12-25,East,843.86,2
O10955,P1016,C1003,2023-05-29,East,3229.55,5
O10956,P1009,C1024,2023-08-13,East,3189.21,7
O10957,P1000,C1015,2023-03-22,East,2680.91,9
O10958,P1012,C1025,2023-10-07,West,4820.6,5
O10959,P1004,C1009,2023-12-13,West,5769.91,6
O10960,P1000,C1017,2023-10-12,North,632.73,3
O10961,P1000,C1018,2023-11-02,North,4084.06,7
O10962,P1002,C1009,2023-04-18,West,1743.38,6
O10963,P1016,C1004,2023-03-24,North,896.13,3
O10964,P1008,C1006,2023-02-28,South,2111.64,3
O10965,P1018,C1027,2023-01-28,North,4636.25,9
O10966,P1017,C1002,2023-05-29,West,651.24,2
O10967,P1006,C1023,2023-10-25,North,7651.09,8
O10968,P1011,C1004,2023-12-10,North,760.16,4
O10969,P1019,C1002,2023-04-10,West,3223.65,6
O10970,P1010,C1019,2023-12-04,West,3620.56,5
O10971,P1004,C1018,2023-10-18,North,4961.58,6
O10972,P1013,C1005,2023-01-03,South,1929.35,6
O10973,P1007,C1022,2023-11-25,South,2443.08,7
O10974,P1011,C1004,2023-12-14,North,5340.58,6
O10975,P1014,C1014,2023-07-03,South,2691.37,5
O10976,P1003,C1005,2023-11-27,South,1737.76,10
O10977,P1008,C1027,2023-03-13,North,2491.1,9
O10978,P1002,C1023,2023-02-08,North,864.63,1
O10979,P1000,C1026,2023-10-25,East,4646.21,10
O10980,P1018,C1006,2023-01-19,South,3010.99,9
O10981,P1017,C1015,2023-12-01,East,1287.71,3
O10982,P1007,C1028,2023-10-29,East,1102.47,5
O10983,P1016,C1016,2023-02-16,South,2992.35,7
O10984,P1000,C1021,2023-05-03,North,7157.45,10
O10985,P1016,C1004,2023-08-17,North,783.69,3
O10986,P1018,C1021,2023-03-16,North,7562.06,8
O10987,P1001,C1007,2023-09-07,South,626.3,4
O10988,P1011,C1007,2023-01-22,South,2264.39,4
O10989,P1011,C1012,2023-08-29,West,7147.17,8
O10990,P1001,C1020,2023-06-15,South,1466.73,2
O10991,P1016,C1020,2023-05-21,South,3103.84,5
O10992,P1018,C1005,2023-07-12,South,3001.37,7
O10993,P1002,C1016,2023-05-09,South,6827.85,7
O10994,P1007,C1016,2023-07-27,South,5013.08,6
O10995,P1011,C1015,2023-09-04,East,1059.38,10
O10996,P1004,C1014,2023-03-26,South,677.52,4
O10997,P1008,C1006,2023-03-18,South,724.86,3
O10998,P1019,C1022,2023-03-02,South,1892.61,4
O10999,P1010,C1023,2023-02-28,North,5661.65,8
